"u","beta.b","beta.d"
17,0.999999999999217,1
17.01,0.999999999999166,1
17.02,0.999999999999112,1
17.03,0.999999999999055,1
17.04,0.999999999998995,1
17.05,0.99999999999893,1
17.06,0.999999999998862,1
17.07,0.999999999998789,1
17.08,0.999999999998711,1
17.09,0.999999999998629,1
17.1,0.999999999998542,1
17.11,0.999999999998449,1
17.12,0.99999999999835,1
17.13,0.999999999998246,1
17.14,0.999999999998134,1
17.15,0.999999999998016,1
17.16,0.99999999999789,1
17.17,0.999999999997757,1
17.18,0.999999999997615,1
17.19,0.999999999997465,1
17.2,0.999999999997305,1
17.21,0.999999999997136,1
17.22,0.999999999996956,1
17.23,0.999999999996765,1
17.24,0.999999999996563,1
17.25,0.999999999996347,1
17.26,0.999999999996119,1
17.27,0.999999999995877,1
17.28,0.99999999999562,1
17.29,0.999999999995347,1
17.3,0.999999999995058,1
17.31,0.999999999994751,1
17.32,0.999999999994425,1
17.33,0.99999999999408,1
17.34,0.999999999993713,1
17.35,0.999999999993325,1
17.36,0.999999999992913,1
17.37,0.999999999992476,1
17.38,0.999999999992013,1
17.39,0.999999999991521,1
17.4,0.999999999991001,1
17.41,0.999999999990449,1
17.42,0.999999999989864,1
17.43,0.999999999989244,1
17.44,0.999999999988586,1
17.45,0.99999999998789,1
17.46,0.999999999987152,1
17.47,0.99999999998637,1
17.48,0.999999999985541,1
17.49,0.999999999984664,1
17.5,0.999999999983734,1
17.51,0.999999999982749,1
17.52,0.999999999981705,1
17.53,0.9999999999806,1
17.54,0.99999999997943,1
17.55,0.999999999978191,1
17.56,0.999999999976879,1
17.57,0.999999999975489,1
17.58,0.999999999974018,1
17.59,0.999999999972461,1
17.6,0.999999999970813,1
17.61,0.999999999969068,1
17.62,0.999999999967221,1
17.63,0.999999999965267,1
17.64,0.999999999963199,1
17.65,0.99999999996101,1
17.66,0.999999999958695,1
17.67,0.999999999956245,1
17.68,0.999999999953653,1
17.69,0.999999999950911,1
17.7,0.999999999948011,1
17.71,0.999999999944943,1
17.72,0.999999999941699,1
17.73,0.999999999938268,1
17.74,0.999999999934641,1
17.75,0.999999999930804,1
17.76,0.999999999926749,1
17.77,0.999999999922461,1
17.78,0.999999999917928,1
17.79,0.999999999913136,1
17.8,0.999999999908072,1
17.81,0.999999999902719,1
17.82,0.999999999897062,1
17.83,0.999999999891084,1
17.84,0.999999999884768,1
17.85,0.999999999878094,1
17.86,0.999999999871043,1
17.87,0.999999999863594,1
17.88,0.999999999855726,1
17.89,0.999999999847415,1
17.9,0.999999999838637,1
17.91,0.999999999829366,1
17.92,0.999999999819576,1
17.93,0.999999999809238,1
17.94,0.999999999798323,1
17.95,0.999999999786798,1
17.96,0.999999999774632,1
17.97,0.999999999761789,1
17.98,0.999999999748232,1
17.99,0.999999999733923,1
18,0.999999999718822,1
18.01,0.999999999702885,1
18.02,0.999999999686068,1
18.03,0.999999999668324,1
18.04,0.999999999649602,1
18.05,0.99999999962985,1
18.06,0.999999999609014,1
18.07,0.999999999587035,1
18.08,0.999999999563852,1
18.09,0.999999999539402,1
18.1,0.999999999513617,1
18.11,0.999999999486425,1
18.12,0.999999999457753,1
18.13,0.999999999427523,1
18.14,0.999999999395651,1
18.15,0.999999999362051,1
18.16,0.999999999326633,1
18.17,0.9999999992893,1
18.18,0.999999999249952,1
18.19,0.999999999208484,1
18.2,0.999999999164784,1
18.21,0.999999999118736,1
18.22,0.999999999070218,1
18.23,0.999999999019099,1
18.24,0.999999998965246,1
18.25,0.999999998908516,1
18.26,0.99999999884876,1
18.27,0.999999998785822,1
18.28,0.999999998719536,1
18.29,0.99999999864973,1
18.3,0.999999998576223,1
18.31,0.999999998498824,1
18.32,0.999999998417333,1
18.33,0.99999999833154,1
18.34,0.999999998241225,1
18.35,0.999999998146157,1
18.36,0.999999998046093,1
18.37,0.999999997940778,1
18.38,0.999999997829946,1
18.39,0.999999997713315,1
18.4,0.999999997590592,1
18.41,0.999999997461469,1
18.42,0.999999997325621,1
18.43,0.999999997182708,1
18.44,0.999999997032376,1
18.45,0.999999996874251,1
18.46,0.99999999670794,1
18.47,0.999999996533034,1
18.48,0.999999996349102,1
18.49,0.999999996155693,1
18.5,0.999999995952333,1
18.51,0.999999995738528,1
18.52,0.999999995513756,1
18.53,0.999999995277474,1
18.54,0.99999999502911,1
18.55,0.999999994768066,1
18.56,0.999999994493717,1
18.57,0.999999994205404,1
18.58,0.99999999390244,1
18.59,0.999999993584104,1
18.6,0.999999993249642,1
18.61,0.999999992898263,1
18.62,0.999999992529139,1
18.63,0.999999992141404,1
18.64,0.999999991734148,1
18.65,0.999999991306421,1
18.66,0.999999990857229,1
18.67,0.999999990385529,1
18.68,0.999999989890231,1
18.69,0.999999989370192,1
18.7,0.999999988824219,1
18.71,0.999999988251062,1
18.72,0.99999998764941,1
18.73,0.999999987017896,1
18.74,0.999999986355087,1
18.75,0.999999985659484,1
18.76,0.99999998492952,0.999999999999999
18.77,0.999999984163554,0.999999999999999
18.78,0.999999983359872,0.999999999999999
18.79,0.999999982516679,0.999999999999999
18.8,0.999999981632099,0.999999999999999
18.81,0.999999980704172,0.999999999999999
18.82,0.999999979730844,0.999999999999999
18.83,0.999999978709973,0.999999999999999
18.84,0.999999977639315,0.999999999999999
18.85,0.999999976516527,0.999999999999999
18.86,0.99999997533916,0.999999999999999
18.87,0.999999974104653,0.999999999999998
18.88,0.999999972810329,0.999999999999998
18.89,0.999999971453393,0.999999999999998
18.9,0.999999970030923,0.999999999999998
18.91,0.999999968539864,0.999999999999998
18.92,0.999999966977029,0.999999999999998
18.93,0.999999965339083,0.999999999999997
18.94,0.999999963622546,0.999999999999997
18.95,0.999999961823783,0.999999999999997
18.96,0.999999959938996,0.999999999999996
18.97,0.999999957964219,0.999999999999996
18.98,0.999999955895311,0.999999999999996
18.99,0.999999953727948,0.999999999999995
19,0.999999951457615,0.999999999999995
19.01,0.999999949079599,0.999999999999994
19.02,0.999999946588979,0.999999999999994
19.03,0.999999943980619,0.999999999999993
19.04,0.999999941249158,0.999999999999993
19.05,0.999999938389001,0.999999999999992
19.06,0.999999935394311,0.999999999999991
19.07,0.999999932258992,0.99999999999999
19.08,0.99999992897669,0.99999999999999
19.09,0.999999925540771,0.999999999999988
19.1,0.999999921944315,0.999999999999987
19.11,0.999999918180105,0.999999999999986
19.12,0.999999914240612,0.999999999999985
19.13,0.999999910117983,0.999999999999984
19.14,0.999999905804029,0.999999999999982
19.15,0.99999990129021,0.99999999999998
19.16,0.999999896567621,0.999999999999978
19.17,0.999999891626977,0.999999999999976
19.18,0.999999886458598,0.999999999999974
19.19,0.999999881052394,0.999999999999972
19.2,0.999999875397845,0.999999999999969
19.21,0.999999869483986,0.999999999999966
19.22,0.999999863299393,0.999999999999963
19.23,0.999999856832156,0.99999999999996
19.24,0.999999850069865,0.999999999999956
19.25,0.999999842999593,0.999999999999952
19.26,0.999999835607865,0.999999999999947
19.27,0.99999982788065,0.999999999999942
19.28,0.999999819803325,0.999999999999937
19.29,0.999999811360664,0.999999999999931
19.3,0.999999802536805,0.999999999999925
19.31,0.999999793315229,0.999999999999918
19.32,0.999999783678734,0.99999999999991
19.33,0.999999773609408,0.999999999999902
19.34,0.999999763088602,0.999999999999893
19.35,0.999999752096896,0.999999999999883
19.36,0.999999740614079,0.999999999999873
19.37,0.999999728619108,0.999999999999861
19.38,0.999999716090082,0.999999999999849
19.39,0.999999703004207,0.999999999999835
19.4,0.999999689337761,0.99999999999982
19.41,0.99999967506606,0.999999999999803
19.42,0.999999660163417,0.999999999999786
19.43,0.99999964460311,0.999999999999766
19.44,0.999999628357336,0.999999999999745
19.45,0.999999611397175,0.999999999999722
19.46,0.999999593692542,0.999999999999697
19.47,0.999999575212148,0.99999999999967
19.48,0.999999555923453,0.999999999999641
19.49,0.999999535792616,0.999999999999609
19.5,0.999999514784448,0.999999999999574
19.51,0.999999492862363,0.999999999999536
19.52,0.999999469988322,0.999999999999494
19.53,0.999999446122781,0.999999999999449
19.54,0.999999421224636,0.999999999999401
19.55,0.999999395251161,0.999999999999348
19.56,0.999999368157951,0.99999999999929
19.57,0.999999339898858,0.999999999999227
19.58,0.999999310425929,0.999999999999159
19.59,0.999999279689335,0.999999999999085
19.6,0.999999247637307,0.999999999999005
19.61,0.999999214216062,0.999999999998918
19.62,0.999999179369729,0.999999999998823
19.63,0.999999143040276,0.99999999999872
19.64,0.999999105167427,0.999999999998609
19.65,0.999999065688582,0.999999999998488
19.66,0.999999024538734,0.999999999998356
19.67,0.999998981650382,0.999999999998213
19.68,0.999998936953439,0.999999999998059
19.69,0.999998890375141,0.999999999997891
19.7,0.999998841839951,0.999999999997709
19.71,0.999998791269459,0.999999999997511
19.72,0.999998738582277,0.999999999997297
19.73,0.999998683693939,0.999999999997065
19.74,0.999998626516787,0.999999999996813
19.75,0.99999856695986,0.999999999996541
19.76,0.999998504928776,0.999999999996245
19.77,0.999998440325611,0.999999999995925
19.78,0.99999837304878,0.999999999995578
19.79,0.999998302992899,0.999999999995202
19.8,0.999998230048663,0.999999999994795
19.81,0.9999981541027,0.999999999994354
19.82,0.999998075037437,0.999999999993876
19.83,0.999997992730949,0.999999999993359
19.84,0.999997907056812,0.9999999999928
19.85,0.999997817883946,0.999999999992194
19.86,0.999997725076456,0.999999999991538
19.87,0.999997628493465,0.999999999990829
19.88,0.999997527988946,0.999999999990062
19.89,0.999997423411547,0.999999999989231
19.9,0.999997314604405,0.999999999988333
19.91,0.999997201404964,0.999999999987362
19.92,0.99999708364478,0.999999999986311
19.93,0.999996961149325,0.999999999985176
19.94,0.999996833737779,0.999999999983948
19.95,0.999996701222819,0.999999999982621
19.96,0.999996563410405,0.999999999981187
19.97,0.999996420099552,0.999999999979637
19.98,0.999996271082103,0.999999999977962
19.99,0.999996116142486,0.999999999976153
20,0.999995955057473,0.999999999974199
20.01,0.999995787595926,0.999999999972089
20.02,0.999995613518537,0.99999999996981
20.03,0.99999543257756,0.999999999967349
20.04,0.999995244516534,0.999999999964692
20.05,0.999995049069999,0.999999999961825
20.06,0.999994845963208,0.99999999995873
20.07,0.999994634911818,0.99999999995539
20.08,0.999994415621587,0.999999999951787
20.09,0.99999418778805,0.999999999947899
20.1,0.999993951096194,0.999999999943705
20.11,0.999993705220117,0.999999999939182
20.12,0.999993449822683,0.999999999934305
20.13,0.999993184555163,0.999999999929046
20.14,0.999992909056865,0.999999999923376
20.15,0.99999262295476,0.999999999917264
20.16,0.999992325863088,0.999999999910677
20.17,0.999992017382958,0.999999999903578
20.18,0.99999169710194,0.999999999895929
20.19,0.999991364593636,0.999999999887688
20.2,0.99999101941725,0.999999999878811
20.21,0.999990661117134,0.99999999986925
20.22,0.999990289222336,0.999999999858954
20.23,0.999989903246118,0.999999999847867
20.24,0.999989502685479,0.999999999835931
20.25,0.999989087020647,0.999999999823082
20.26,0.999988655714573,0.999999999809253
20.27,0.9999882082124,0.99999999979437
20.28,0.999987743940922,0.999999999778355
20.29,0.999987262308029,0.999999999761126
20.3,0.999986762702133,0.999999999742591
20.31,0.999986244491585,0.999999999722656
20.32,0.999985707024071,0.999999999701217
20.33,0.999985149625992,0.999999999678164
20.34,0.999984571601833,0.999999999653379
20.35,0.999983972233506,0.999999999626735
20.36,0.999983350779685,0.999999999598098
20.37,0.999982706475121,0.999999999567321
20.38,0.999982038529932,0.999999999534249
20.39,0.999981346128885,0.999999999498717
20.4,0.999980628430653,0.999999999460547
20.41,0.999979884567056,0.999999999419548
20.42,0.999979113642277,0.999999999375517
20.43,0.999978314732066,0.999999999328236
20.44,0.999977486882919,0.999999999277473
20.45,0.999976629111235,0.999999999222977
20.46,0.999975740402454,0.999999999164483
20.47,0.999974819710175,0.999999999101706
20.48,0.999973865955247,0.999999999034342
20.49,0.999972878024844,0.999999998962065
20.5,0.999971854771508,0.999999998884529
20.51,0.999970795012179,0.99999999880136
20.52,0.999969697527194,0.999999998712163
20.53,0.999968561059439,0.999999998616515
20.54,0.999967384312592,0.999999998513961
20.55,0.999966165951119,0.999999998404019
20.56,0.999964904598457,0.999999998286173
20.57,0.999963598836069,0.999999998159872
20.58,0.999962247202292,0.999999998024528
20.59,0.999960848191156,0.999999997879513
20.6,0.999959400251177,0.999999997724158
20.61,0.999957901784117,0.999999997557748
20.62,0.999956351143727,0.99999999737952
20.63,0.999954746634442,0.999999997188663
20.64,0.999953086510065,0.999999996984309
20.65,0.999951368972411,0.999999996765534
20.66,0.999949592169915,0.999999996531352
20.67,0.999947754196222,0.999999996280713
20.68,0.999945853088735,0.999999996012497
20.69,0.999943886827129,0.99999999572551
20.7,0.999941853331844,0.999999995418482
20.71,0.999939750462528,0.999999995090057
20.72,0.999937576016458,0.999999994738793
20.73,0.999935327726921,0.999999994363154
20.74,0.999933003261561,0.999999993961503
20.75,0.999930600220688,0.999999993532097
20.76,0.999928116135553,0.999999993073083
20.77,0.999925548466587,0.999999992582485
20.78,0.999922894601595,0.999999992058203
20.79,0.99992015185392,0.999999991498
20.8,0.999917317460567,0.999999990899499
20.81,0.999914388580282,0.999999990260168
20.82,0.999911362291594,0.999999989577316
20.83,0.999908235590822,0.99999998884808
20.84,0.999905005390029,0.999999988069417
20.85,0.999901668514947,0.999999987238092
20.86,0.99989822170285,0.999999986350663
20.87,0.999894661600387,0.999999985403475
20.88,0.999890984761375,0.999999984392643
20.89,0.999887187644544,0.999999983314039
20.9,0.999883266611236,0.999999982163276
20.91,0.999879217923064,0.999999980935697
20.92,0.999875037739522,0.999999979626352
20.93,0.999870722115545,0.999999978229989
20.94,0.999866266999031,0.999999976741027
20.95,0.999861668228304,0.999999975153546
20.96,0.999856921529543,0.999999973461258
20.97,0.999852022514146,0.999999971657492
20.98,0.999846966676058,0.999999969735169
20.99,0.999841749389043,0.999999967686777
21,0.999836365903906,0.999999965504349
21.01,0.999830811345668,0.999999963179433
21.02,0.999825080710681,0.999999960703067
21.03,0.999819168863702,0.999999958065748
21.04,0.999813070534905,0.9999999552574
21.05,0.999806780316845,0.999999952267342
21.06,0.999800292661372,0.999999949084255
21.07,0.999793601876477,0.999999945696143
21.08,0.999786702123102,0.999999942090296
21.09,0.999779587411881,0.999999938253248
21.1,0.999772251599832,0.999999934170736
21.11,0.999764688386991,0.999999929827653
21.12,0.999756891312991,0.999999925208004
21.13,0.999748853753583,0.999999920294852
21.14,0.999740568917098,0.999999915070267
21.15,0.999732029840858,0.999999909515272
21.16,0.999723229387521,0.999999903609782
21.17,0.999714160241372,0.999999897332546
21.18,0.999704814904556,0.999999890661079
21.19,0.999695185693245,0.999999883571596
21.2,0.999685264733759,0.99999987603894
21.21,0.999675043958613,0.999999868036508
21.22,0.999664515102509,0.999999859536171
21.23,0.999653669698275,0.999999850508188
21.24,0.999642499072731,0.999999840921125
21.25,0.999630994342502,0.999999830741759
21.26,0.999619146409771,0.99999981993498
21.27,0.999606945957963,0.999999808463695
21.28,0.999594383447376,0.999999796288715
21.29,0.999581449110747,0.999999783368649
21.3,0.999568132948754,0.999999769659783
21.31,0.99955442472546,0.999999755115956
21.32,0.999540313963695,0.999999739688435
21.33,0.999525789940369,0.999999723325775
21.34,0.999510841681739,0.999999705973675
21.35,0.999495457958593,0.999999687574834
21.36,0.999479627281389,0.999999668068788
21.37,0.999463337895326,0.999999647391751
21.38,0.999446577775352,0.999999625476436
21.39,0.999429334621112,0.999999602251879
21.4,0.999411595851834,0.999999577643245
21.41,0.999393348601157,0.999999551571634
21.42,0.99937457971189,0.999999523953867
21.43,0.99935527573072,0.99999949470227
21.44,0.999335422902853,0.999999463724445
21.45,0.999315007166598,0.99999943092303
21.46,0.999294014147887,0.999999396195447
21.47,0.999272429154741,0.999999359433638
21.48,0.999250237171946,0.999999320523794
21.49,0.999227422854311,0.999999279346062
21.5,0.999203970522594,0.999999235774242
21.51,0.99917986415664,0.999999189675479
21.52,0.999155087389823,0.999999140909923
21.53,0.999129623503174,0.999999089330391
21.54,0.999103455419435,0.999999034782
21.55,0.999076565697076,0.999998977101795
21.56,0.999048936524241,0.999998916118347
21.57,0.999020549712658,0.999998851651346
21.58,0.998991386691482,0.999998783511165
21.59,0.998961428501098,0.999998711498412
21.6,0.998930655786865,0.999998635403458
21.61,0.99889904879282,0.999998555005944
21.62,0.998866587355323,0.999998470074266
21.63,0.998833250896669,0.999998380365042
21.64,0.998799018418639,0.999998285622548
21.65,0.998763868496017,0.999998185578135
21.66,0.998727779270062,0.999998079949617
21.67,0.998690728441935,0.999997968440636
21.68,0.998652693266088,0.999997850739998
21.69,0.998613650543614,0.999997726520975
21.7,0.998573576615557,0.999997595440589
21.71,0.998532447356194,0.999997457138854
21.72,0.998490238166268,0.999997311237991
21.73,0.998446923966205,0.999997157341611
21.74,0.998402479189289,0.999996995033859
21.75,0.998356877774814,0.999996823878528
21.76,0.998310093161204,0.999996643418127
21.77,0.998262098279112,0.999996453172926
21.78,0.998212865544494,0.99999625263994
21.79,0.998162366851663,0.999996041291892
21.8,0.998110573566323,0.999995818576122
21.81,0.998057456518584,0.999995583913448
21.82,0.99800298599597,0.999995336696997
21.83,0.997947131736406,0.99999507629097
21.84,0.997889862921199,0.999994802029369
21.85,0.997831148168016,0.999994513214671
21.86,0.997770955523846,0.999994209116445
21.87,0.997709252457974,0.999993888969921
21.88,0.997646005854941,0.999993551974497
21.89,0.997581182007521,0.999993197292188
21.9,0.997514746609692,0.999992824046019
21.91,0.997446664749623,0.999992431318351
21.92,0.99737690090267,0.999992018149144
21.93,0.997305418924386,0.999991583534153
21.94,0.997232182043554,0.999991126423054
21.95,0.99715715285523,0.999990645717502
21.96,0.997080293313824,0.999990140269114
21.97,0.997001564726195,0.999989608877373
21.98,0.996920927744786,0.999989050287456
21.99,0.996838342360788,0.999988463187984
22,0.996753767897345,0.999987846208684
22.01,0.996667163002794,0.999987197917968
22.02,0.996578485643959,0.999986516820419
22.03,0.996487693099481,0.999985801354194
22.04,0.996394741953214,0.999985049888322
22.05,0.996299588087664,0.999984260719915
22.06,0.996202186677493,0.99998343207127
22.07,0.996102492183092,0.999982562086877
22.08,0.996000458344208,0.999981648830312
22.09,0.995896038173657,0.999980690281028
22.1,0.995789183951101,0.999979684331028
22.11,0.995679847216915,0.999978628781427
22.12,0.995567978766126,0.999977521338895
22.13,0.995453528642456,0.999976359611972
22.14,0.995336446132439,0.999975141107264
22.15,0.995216679759652,0.999973863225505
22.16,0.995094177279365,0.999972523257491
22.17,0.994968885671652,0.999971118379873
22.18,0.994840751137932,0.999969645650813
22.19,0.994709719094279,0.999968102005496
22.2,0.994575734166544,0.999966484251492
22.21,0.994438740185251,0.999964789063969
22.22,0.994298680180633,0.999963012980751
22.23,0.994155496377794,0.999961152397215
22.24,0.994009130192015,0.999959203561024
22.25,0.993859522224205,0.999957162566698
22.26,0.993706612256494,0.999955025350007
22.27,0.99355033924799,0.999952787682191
22.28,0.993390641330686,0.999950445164002
22.29,0.993227455805539,0.999947993219557
22.3,0.99306071913871,0.999945427090007
22.31,0.992890366957987,0.999942741827015
22.32,0.992716334049383,0.999939932286025
22.33,0.992538554353916,0.999936993119348
22.34,0.992356960964588,0.999933918769024
22.35,0.99217148612355,0.999930703459641
22.36,0.991982061219475,0.999927341190145
22.37,0.991788616785132,0.999923825727019
22.38,0.991591082495172,0.99992015059564
22.39,0.991389387164136,0.999916309072215
22.4,0.991183458744679,0.999912294175315
22.41,0.990973224326022,0.999908098657174
22.42,0.990758610132642,0.999903714994742
22.43,0.990539541523194,0.999899135380497
22.44,0.990315942989682,0.999894351712998
22.45,0.990087738156877,0.999889355587185
22.46,0.989854849781984,0.999884138284417
22.47,0.989617199754582,0.999878690762238
22.48,0.989374709096815,0.999873003643885
22.49,0.989127297963864,0.999867067207507
22.5,0.988874885644691,0.99986087137511
22.51,0.988617390563061,0.999854405701222
22.52,0.988354730278859,0.999847659361258
22.53,0.988086821489691,0.999840621139603
22.54,0.987813580032787,0.99983327941739
22.55,0.987534920887205,0.999825622159978
22.56,0.987250758176344,0.999817636904123
22.57,0.986961005170764,0.999809310744842
22.58,0.986665574291337,0.999800630321954
22.59,0.986364377112705,0.999791581806316
22.6,0.986057324367079,0.999782150885718
22.61,0.985744325948363,0.999772322750471
22.62,0.985425290916622,0.999762082078649
22.63,0.985100127502889,0.999751413021009
22.64,0.984768743114322,0.999740299185567
22.65,0.984431044339709,0.999728723621834
22.66,0.98408693695534,0.999716668804714
22.67,0.983736325931227,0.999704116618046
22.68,0.983379115437703,0.999691048337809
22.69,0.983015208852383,0.999677444614962
22.7,0.982644508767506,0.999663285457942
22.71,0.982266916997652,0.999648550214794
22.72,0.981882334588223,0.999633217554948
22.73,0.9814906618224,0.999617265450637
22.74,0.981091798232349,0.999600671157949
22.75,0.980685642606928,0.999583411197519
22.76,0.980272093001763,0.999565461334849
22.77,0.97985104674932,0.999546796560276
22.78,0.979422400469396,0.999527391068555
22.79,0.978986050080005,0.999507218238097
22.8,0.978541890808691,0.99948625060982
22.81,0.978089817204248,0.999464459865652
22.82,0.977629723148859,0.999441816806654
22.83,0.977161501870662,0.999418291330785
22.84,0.976685045956738,0.999393852410308
22.85,0.976200247366523,0.999368468068824
22.86,0.975706997445653,0.999342105357956
22.87,0.975205186940242,0.999314730333669
22.88,0.974694706011588,0.999286308032241
22.89,0.97417544425132,0.999256802445882
22.9,0.97364729069698,0.999226176497998
22.91,0.973110133848045,0.999194392018125
22.92,0.972563861682391,0.999161409716512
22.93,0.972008361673193,0.999127189158376
22.94,0.971443520806277,0.999091688737827
22.95,0.970869225597904,0.999054865651474
22.96,0.970285362113011,0.999016675871706
22.97,0.969691815983886,0.998977074119673
22.98,0.969088472429295,0.99893601383796
22.99,0.96847521627405,0.99889344716297
23,0.967851931969028,0.998849324897016
23.01,0.967218503611623,0.998803596480148
23.02,0.966574814966659,0.998756209961698
23.03,0.965920749487732,0.998707111971579
23.04,0.965256190338999,0.998656247691341
23.05,0.964581020417413,0.998603560824979
23.06,0.963895122375393,0.998548993569531
23.07,0.963198378643933,0.998492486585465
23.08,0.962490671456147,0.998433978966859
23.09,0.961771882871252,0.998373408211413
23.1,0.96104189479898,0.998310710190281
23.11,0.960300589024418,0.998245819117757
23.12,0.959547847233279,0.998178667520822
23.13,0.958783551037593,0.998109186208565
23.14,0.958007582001823,0.998037304241514
23.15,0.957219821669388,0.997962948900861
23.16,0.956420151589616,0.997886045657644
23.17,0.955608453345086,0.99780651814186
23.18,0.954784608579393,0.99772428811156
23.19,0.9539484990253,0.997639275421941
23.2,0.953100006533293,0.997551397994442
23.21,0.952239013100526,0.997460571785882
23.22,0.951365400900557,0.997366710757659
23.23,0.950479052311395,0.997269726845028
23.24,0.949579849948113,0.997169529926484
23.25,0.948667676691585,0.997066027793285
23.26,0.947742415719737,0.99695912611941
23.27,0.946803950538708,0.996848728430268
23.28,0.945852165014373,0.99673473607451
23.29,0.94488694340419,0.996617048193167
23.3,0.943908170389402,0.996495561690526
23.31,0.942915731107543,0.996370171205
23.32,0.94190951118528,0.996240769080332
23.33,0.940889396771556,0.996107245337149
23.34,0.939855274571037,0.995969487644915
23.35,0.938807031877854,0.995827381294296
23.36,0.937744556609627,0.995680809169979
23.37,0.936667737341766,0.995529651723986
23.38,0.935576463342037,0.995373786949497
23.39,0.934470624605383,0.99521309035524
23.4,0.933350111888997,0.995047434940461
23.41,0.932214816747622,0.99487669117053
23.42,0.931064631569087,0.994700726953205
23.43,0.929899449610048,0.994519407615595
23.44,0.928719165031944,0.994332595881863
23.45,0.927523672937139,0.994140151851703
23.46,0.926312869405246,0.993941932979637
23.47,0.925086651529625,0.993737794055151
23.48,0.923844917454042,0.993527587183742
23.49,0.922587566409462,0.993311161768884
23.5,0.921314498750994,0.993088364494972
23.51,0.920025615994944,0.992859039311283
23.52,0.918720820855983,0.992623027416983
23.53,0.917400017284414,0.992380167247244
23.54,0.916063110503513,0.992130294460486
23.55,0.914710007046952,0.991873241926808
23.56,0.91334061479627,0.991608839717636
23.57,0.91195484301839,0.991336915096642
23.58,0.910552602403162,0.991057292511963
23.59,0.90913380510093,0.990769793589779
23.6,0.907698364760087,0.990474237129277
23.61,0.906246196564626,0.990170439099053
23.62,0.904777217271658,0.989858212634996
23.63,0.90329134524889,0.98953736803969
23.64,0.901788500512044,0.989207712783384
23.65,0.900268604762204,0.988869051506563
23.66,0.898731581423071,0.988521186024176
23.67,0.897177355678568,0.988163915331553
23.68,0.895605854508064,0.987797035612051
23.69,0.894017006726036,0.987420340246486
23.7,0.892410743016954,0.987033619824371
23.71,0.890786995972341,0.986636662157019
23.72,0.889145700127181,0.986229252292541
23.73,0.887486791996127,0.985811172532784
23.74,0.885810210109498,0.985382202452244
23.75,0.884115895049041,0.984942118918999
23.76,0.882403789483456,0.984490696117691
23.77,0.880673838203654,0.984027705574609
23.78,0.878925988157735,0.983552916184889
23.79,0.877160188485676,0.983066094241885
23.8,0.875376390553708,0.982567003468743
23.81,0.873574547988359,0.982055405052193
23.82,0.871754616710166,0.981531057678628
23.83,0.869916554967014,0.98099371757246
23.84,0.868060323367107,0.980443138536819
23.85,0.866185884911541,0.979879071996601
23.86,0.864293205026475,0.979301267044256
23.87,0.862382251594864,0.978709470486236
23.88,0.860452994987766,0.978103426895412
23.89,0.858505408095176,0.977482878662393
23.9,0.856539466356394,0.976847566051125
23.91,0.854555147789902,0.976197227256644
23.92,0.852552433022729,0.97553159846534
23.93,0.850531305319299,0.974850413917782
23.94,0.848491750609733,0.974153405974094
23.95,0.84643375751761,0.97344030518191
23.96,0.844357317387139,0.972710840346917
23.97,0.84226242430976,0.971964738605996
23.98,0.840149075150137,0.971201725502975
23.99,0.838017269571532,0.970421525066991
24,0.835867010060557,0.969623859893478
24.01,0.833698301951264,0.968808451227776
24.02,0.831511153448584,0.967975019051363
24.03,0.82930557565109,0.967123282170708
24.04,0.827081582573057,0.966252958308748
24.05,0.824839191165829,0.965363764198972
24.06,0.822578421338459,0.964455415682111
24.07,0.820299295977621,0.963527627805429
24.08,0.818001840966764,0.962580114924579
24.09,0.815686085204984,0.961612590808046
24.1,0.813352060622753,0.960624768744117
24.11,0.810999802201649,0.959616361650396
24.12,0.80862934798843,0.958587082185808
24.13,0.806240739110764,0.957536642865096
24.14,0.803834019791627,0.95646475617576
24.15,0.801409237362869,0.955371134697418
24.16,0.798966442277932,0.954255491223555
24.17,0.796505688123704,0.953117538885624
24.18,0.794027031631511,0.951956991279455
24.19,0.791530532687217,0.950773562593942
24.2,0.789016254340442,0.949566967741945
24.21,0.786484262812872,0.948336922493386
24.22,0.783934627505661,0.947083143610463
24.23,0.781367421005912,0.945805348984946
24.24,0.778782719092226,0.944503257777497
24.25,0.776180600739315,0.943176590558955
24.26,0.77356114812167,0.941825069453521
24.27,0.770924446616267,0.940448418283784
24.28,0.768270584804323,0.939046362717531
24.29,0.765599654472073,0.937618630416245
24.3,0.762911750610572,0.936164951185255
24.31,0.760206971414522,0.934685057125436
24.32,0.757485418280106,0.933178682786394
24.33,0.754747195801826,0.931645565321461
24.34,0.751992411768347,0.930085444641956
24.35,0.749221177157338,0.928498063576849
24.36,0.746433606129301,0.92688316802935
24.37,0.743629816020396,0.925240507136704
24.38,0.740809927334244,0.923569833430512
24.39,0.737974063732715,0.921870902997929
24.4,0.735122352025702,0.920143475643641
24.41,0.732254922159865,0.918387315052516
24.42,0.729371907206357,0.916602188952828
24.43,0.726473443347524,0.914787869279959
24.44,0.723559669862576,0.912944132340465
24.45,0.720630729112246,0.911070758976398
24.46,0.717686766522405,0.909167534729776
24.47,0.714727930566673,0.907234250007098
24.48,0.711754372748476,0.905270700243774
24.49,0.708766247579627,0.903276686068365
24.5,0.7057637125629,0.901252013466517
24.51,0.702746928168482,0.899196493944465
24.52,0.699716057812019,0.897109944691991
24.53,0.696671267831116,0.894992188744714
24.54,0.693612727460831,0.892843055145586
24.55,0.690540608808176,0.890662379105478
24.56,0.687455086825617,0.888450002162717
24.57,0.68435633928359,0.886205772341471
24.58,0.681244546742024,0.883929544308822
24.59,0.6781198925209,0.881621179530439
24.6,0.674982562669829,0.879280546424685
24.61,0.671832745936677,0.876907520515058
24.62,0.668670633735227,0.874501984580821
24.63,0.665496420111902,0.872063828805691
24.64,0.662310301711549,0.869592950924473
24.65,0.659112477742293,0.867089256367487
24.66,0.655903149939478,0.864552658402676
24.67,0.652682522528695,0.861983078275258
24.68,0.649450802187923,0.859380445344793
24.69,0.646208198008769,0.856744697219533
24.7,0.642954921456853,0.854075779887941
24.71,0.639691186331317,0.851373647847231
24.72,0.63641720872349,0.848638264228818
24.73,0.633133206974719,0.845869600920545
24.74,0.629839401633377,0.843067638686009
24.75,0.626536015411055,0.840232367278175
24.76,0.623223273137973,0.837363785553951
24.77,0.619901401717594,0.834461901580426
24.78,0.616570630080492,0.831526732739633
24.79,0.613231189137453,0.828558305828885
24.8,0.609883311731855,0.825556657157045
24.81,0.606527232591321,0.82252183263663
24.82,0.603163188278684,0.819453887871623
24.83,0.59979141714225,0.816352888240889
24.84,0.596412159265414,0.813218908977102
24.85,0.593025656416096,0.810052035241051
24.86,0.589632151993084,0.806852362191264
24.87,0.5862318909768,0.803619995048805
24.88,0.582825119874332,0.800355049157195
24.89,0.579412086666518,0.797057650037333
24.9,0.575993040753932,0.793727933437341
24.91,0.572568232902338,0.790366045377247
24.92,0.569137915187628,0.786972142188421
24.93,0.565702340940258,0.783546390547692
24.94,0.562261764689218,0.780088967506065
24.95,0.558816442105537,0.776600060511962
24.96,0.555366629945358,0.773079867428941
24.97,0.551912585992603,0.7695285965478
24.98,0.548454569001236,0.765946466593039
24.99,0.544992838637169,0.762333706723592
25,0.541527655419805,0.758690556527811
25.01,0.538059280663268,0.755017266012626
25.02,0.534587976417316,0.751314095586865
25.03,0.531114005407978,0.747581316038679
25.04,0.527637630977933,0.743819208507042
25.05,0.524159117026645,0.740028064447308
25.06,0.520678727950287,0.73620818559079
25.07,0.517196728581472,0.732359883898345
25.08,0.513713384128816,0.728483481507961
25.09,0.510228960116352,0.724579310676319
25.1,0.506743722322824,0.720647713714341
25.11,0.50325793672088,0.716689042917157
25.12,0.499771869416183,0.712703660485832
25.13,0.49628578658648,0.708691938447636
25.14,0.492799954420627,0.704654258565688
25.15,0.489314639057617,0.700591012245007
25.16,0.48583010652562,0.69650260043214
25.17,0.482346622681059,0.692389433508885
25.18,0.478864453147761,0.688251931180137
25.19,0.475383863256177,0.684090522355915
25.2,0.471905117983193,0.679905645027596
25.21,0.468428481889671,0.67569774613842
25.22,0.464954219063046,0.671467281448335
25.23,0.461482593055091,0.6672147153932
25.24,0.458013866822445,0.662940520938471
25.25,0.454548302666844,0.658645179427394
25.26,0.451086162175593,0.654329180423808
25.27,0.447627706162309,0.649993021549627
25.28,0.444173194607958,0.645637208317092
25.29,0.440722886602204,0.641262253955883
25.3,0.437277040285093,0.636868679235193
25.31,0.433835912789093,0.632457012280842
25.32,0.430399760181514,0.628027788387569
25.33,0.426968837407338,0.623581549826582
25.34,0.423543398232454,0.619118845648496
25.35,0.420123695187349,0.614640231481771
25.36,0.416709979511258,0.610146269326774
25.37,0.413302501096803,0.605637527345584
25.38,0.409901508435129,0.601114579647687
25.39,0.406507248561572,0.596578006071672
25.4,0.403119967001866,0.592028391963085
25.41,0.399739907718924,0.587466327948573
25.42,0.396367313060187,0.582892409706463
25.43,0.39300242370559,0.578307237733925
25.44,0.389645478616144,0.573711417111318
25.45,0.386296714983149,0.569105557261155
25.46,0.38295636817808,0.564490271708758
25.47,0.379624671703133,0.559866177835369
25.48,0.376301857142471,0.555233896631062
25.49,0.372988154114179,0.5505940524447
25.5,0.369683790222936,0.545947272731589
25.51,0.366388991013441,0.541294187799009
25.52,0.363103979925089,0.536635430549784
25.53,0.359828978244857,0.531971636224085
25.54,0.356564205066228,0.527303442139611
25.55,0.353309877243542,0.52263148743036
25.56,0.350066209349913,0.517956412784131
25.57,0.346833413635417,0.51327886017897
25.58,0.343611699986122,0.508599472618724
25.59,0.340401275883971,0.503918893867885
25.6,0.337202346367538,0.499237768185909
25.61,0.334015113993662,0.494556740061194
25.62,0.330839778799973,0.489876453944893
25.63,0.327676538268328,0.485197553984763
25.64,0.324525587289147,0.480520683759203
25.65,0.321387118126689,0.475846486011696
25.66,0.318261320385252,0.471175602385817
25.67,0.315148380976321,0.466508673160998
25.68,0.312048484086665,0.461846336989228
25.69,0.308961811147399,0.457189230632866
25.7,0.305888540804008,0.452537988703754
25.71,0.302828848887354,0.447893243403808
25.72,0.29978290838566,0.443255624267243
25.73,0.296750889417487,0.438625757904642
25.74,0.293732959205702,0.434004267749458
25.75,0.290729282052453,0.429391773804415
25.76,0.287740019315144,0.424788892394918
25.77,0.284765329383421,0.420196235920171
25.78,0.281805367657174,0.415614412609433
25.79,0.278860286525558,0.411044026280604
25.8,0.275930235347031,0.406485676101807
25.81,0.273015360430418,0.401939956356107
25.82,0.270115805016997,0.397407456209552
25.83,0.267231709264077,0.392888759482653
25.84,0.264363210227248,0.388384444425479
25.85,0.261510441848492,0.383895083496486
25.86,0.258673534940355,0.379421243145242
25.87,0.255852617173704,0.374963483599167
25.88,0.25304781306599,0.370522358654438
25.89,0.250259243970529,0.366098415471168
25.9,0.24748702806682,0.361692194373006
25.91,0.244731280351875,0.357304228651258
25.92,0.241992112632575,0.352935044373667
25.93,0.239269633519046,0.348585160197941
25.94,0.236563948419042,0.344255087190161
25.95,0.233875159533342,0.339945328648154
25.96,0.231203365852158,0.335656379929939
25.97,0.228548663152531,0.331388728287337
25.98,0.225911143996736,0.327142852704844
25.99,0.22329089773167,0.32291922374383
26,0.220688010489222,0.318718303392174
26.01,0.218102565187631,0.314540544919842
26.02,0.215534641533799,0.310386392737679
26.03,0.212984316026582,0.306256282266696
26.04,0.210451661961029,0.302150639808015
26.05,0.20793674943357,0.29806988242118
26.06,0.20543964534814,0.294014417807706
26.07,0.202960413423243,0.289984644200486
26.08,0.200499114199926,0.285980950259071
26.09,0.198055805050671,0.282003714970878
26.1,0.195630540189186,0.278053307558335
26.11,0.193223370681541,0.274130087392008
26.12,0.190834344455858,0.270234403909716
26.13,0.188463506317678,0.266366596541657
26.14,0.186110897961208,0.262526994641546
26.15,0.183776557984002,0.25871591742378
26.16,0.181460521901936,0.254933673906619
26.17,0.179162822165008,0.251180562861394
26.18,0.176883488173951,0.247456872767704
26.19,0.174622546297641,0.243762881774624
26.2,0.172380019891292,0.240098857667864
26.21,0.170155929315424,0.236465057842894
26.22,0.167950291955593,0.232861729283967
26.23,0.165763122242856,0.229289108549042
26.24,0.163594431674978,0.225747421760542
26.25,0.161444228838355,0.222236884602419
26.26,0.159312519430631,0.218757702320361
26.27,0.157199306284014,0.215310069733134
26.28,0.15510458938926,0.211894171243915
26.29,0.153028365920317,0.208510180860158
26.3,0.150970630259611,0.205158262218374
26.31,0.148931374023965,0.201838568614352
26.32,0.146910586091127,0.198551243038775
26.33,0.144908252626893,0.195296418218135
26.34,0.142924357112822,0.192074216660879
26.35,0.140958880374504,0.188884750708695
26.36,0.139011800610858,0.185728122592861
26.37,0.137083093421518,0.182604424495557
26.38,0.135172731839823,0.179513738616061
26.39,0.133280686360999,0.176456137241713
26.4,0.131406924973608,0.173431682823571
26.41,0.129551413190883,0.170440428056641
26.42,0.127714114082509,0.167482415964582
26.43,0.125894988306846,0.164557679988787
26.44,0.124093994143573,0.161666244081709
26.45,0.12231108752673,0.158808122804352
26.46,0.120546222078152,0.155983321427782
26.47,0.118799349141267,0.153191836039044
26.48,0.117070417815254,0.150433653648376
26.49,0.115359374989535,0.147708752305349
26.5,0.113666165378588,0.145017101213051
26.51,0.111990731557061,0.142358660848625
26.52,0.110333013995178,0.139733383086502
26.53,0.108692951094412,0.137141211324821
26.54,0.107070479223419,0.134582080614917
26.55,0.105465532754199,0.132055917793744
26.56,0.103878044098491,0.12956264161911
26.57,0.102307943744365,0.127102162907584
26.58,0.10075516029348,0.124674384674967
26.59,0.0992196204960336,0.122279202279175
26.6,0.0977012492910962,0.119916503565418
26.61,0.0961999698415616,0.117586169013542
26.62,0.0947157035721561,0.115288071887407
26.63,0.0932483702069317,0.113022078386156
26.64,0.0917978878068543,0.110788047797273
26.65,0.0903641728074717,0.108585832651273
26.66,0.0889471400566449,0.106415278878329
26.67,0.0875467028523303,0.104276225964073
26.68,0.0861627729803937,0.102168507111367
26.69,0.0847952607524459,0.100091949398166
26.7,0.0834440750436817,0.098046373939103
26.71,0.0821091233307103,0.0960315960473618
26.72,0.0807903117293601,0.0940474253973135
26.73,0.0794875450324477,0.0920936661877851
26.74,0.0782007267474927,0.0901701173058447
26.75,0.0769297591343691,0.0882765724909801
26.76,0.075674543243367,0.086412820499554
26.77,0.0744349789505349,0.0845786452694209
26.78,0.0732109649985681,0.0827738260845862
26.79,0.0720023990314588,0.0809981377397985
26.8,0.0708091776323585,0.0792513507049639
26.81,0.0696311963605546,0.0775332312896621
26.82,0.0684683497882941,0.0758435418051294
26.83,0.0673205315374381,0.0741820407304146
26.84,0.0661876343159374,0.07254848287277
26.85,0.0650695499541162,0.0709426195302235
26.86,0.0639661694407533,0.0693641986526842
26.87,0.0628773829589504,0.0678129650021505
26.88,0.0618030799217753,0.0662886603119224
26.89,0.0607431490076692,0.0647910234447261
26.9,0.0596974781958938,0.063319790549665
26.91,0.0586659548001403,0.0618746952179071
26.92,0.0576484655054468,0.0604554686373098
26.93,0.0566448964007255,0.0590618397440131
26.94,0.0556551330134406,0.0576935353762219
26.95,0.0546790603433885,0.0563502804220321
26.96,0.0537165628961789,0.0550317979682926
26.97,0.0527675247164039,0.0537378094470233
26.98,0.0518318294205409,0.0524680347802394
26.99,0.0509093602292429,0.0512221925217644
27,0.05,0.05
27,0.05,0.05
27.01,0.0509093602292429,0.0512221925217645
27.02,0.0518318294205409,0.0524680347802395
27.03,0.0527675247164039,0.0537378094470234
27.04,0.0537165628961789,0.0550317979682927
27.05,0.0546790603433887,0.0563502804220322
27.06,0.0556551330134406,0.0576935353762219
27.07,0.0566448964007255,0.0590618397440131
27.08,0.0576484655054468,0.0604554686373098
27.09,0.0586659548001403,0.0618746952179071
27.1,0.0596974781958939,0.0633197905496651
27.11,0.0607431490076692,0.0647910234447262
27.12,0.0618030799217754,0.0662886603119225
27.13,0.0628773829589505,0.0678129650021506
27.14,0.0639661694407532,0.0693641986526841
27.15,0.0650695499541161,0.0709426195302234
27.16,0.0661876343159374,0.0725484828727702
27.17,0.0673205315374381,0.0741820407304146
27.18,0.0684683497882941,0.0758435418051295
27.19,0.0696311963605546,0.0775332312896622
27.2,0.0708091776323585,0.079251350704964
27.21,0.0720023990314589,0.0809981377397987
27.22,0.0732109649985679,0.0827738260845861
27.23,0.0744349789505349,0.0845786452694208
27.24,0.075674543243367,0.086412820499554
27.25,0.0769297591343691,0.0882765724909801
27.26,0.0782007267474928,0.0901701173058448
27.27,0.0794875450324477,0.0920936661877853
27.28,0.0807903117293602,0.0940474253973136
27.29,0.0821091233307104,0.096031596047362
27.3,0.0834440750436819,0.0980463739391032
27.31,0.0847952607524458,0.100091949398166
27.32,0.0861627729803937,0.102168507111367
27.33,0.0875467028523302,0.104276225964073
27.34,0.0889471400566451,0.106415278878329
27.35,0.0903641728074718,0.108585832651273
27.36,0.0917978878068545,0.110788047797274
27.37,0.0932483702069318,0.113022078386156
27.38,0.0947157035721562,0.115288071887407
27.39,0.0961999698415616,0.117586169013542
27.4,0.0977012492910961,0.119916503565418
27.41,0.0992196204960337,0.122279202279175
27.42,0.10075516029348,0.124674384674967
27.43,0.102307943744365,0.127102162907584
27.44,0.103878044098491,0.12956264161911
27.45,0.105465532754199,0.132055917793744
27.46,0.107070479223419,0.134582080614917
27.47,0.108692951094412,0.137141211324821
27.48,0.110333013995178,0.139733383086502
27.49,0.111990731557061,0.142358660848625
27.5,0.113666165378588,0.145017101213051
27.51,0.115359374989535,0.147708752305349
27.52,0.117070417815254,0.150433653648376
27.53,0.118799349141267,0.153191836039044
27.54,0.120546222078152,0.155983321427782
27.55,0.122311087526731,0.158808122804352
27.56,0.124093994143573,0.161666244081709
27.57,0.125894988306846,0.164557679988787
27.58,0.127714114082509,0.167482415964582
27.59,0.129551413190883,0.170440428056641
27.6,0.131406924973608,0.173431682823571
27.61,0.133280686360999,0.176456137241713
27.62,0.135172731839823,0.179513738616061
27.63,0.137083093421519,0.182604424495558
27.64,0.139011800610858,0.185728122592861
27.65,0.140958880374504,0.188884750708695
27.66,0.142924357112822,0.192074216660879
27.67,0.144908252626893,0.195296418218135
27.68,0.146910586091127,0.198551243038775
27.69,0.148931374023966,0.201838568614352
27.7,0.150970630259611,0.205158262218374
27.71,0.153028365920317,0.208510180860159
27.72,0.15510458938926,0.211894171243915
27.73,0.157199306284014,0.215310069733134
27.74,0.159312519430631,0.21875770232036
27.75,0.161444228838355,0.222236884602419
27.76,0.163594431674978,0.225747421760542
27.77,0.165763122242856,0.229289108549042
27.78,0.167950291955593,0.232861729283967
27.79,0.170155929315425,0.236465057842894
27.8,0.172380019891292,0.240098857667865
27.81,0.174622546297641,0.243762881774624
27.82,0.176883488173951,0.247456872767704
27.83,0.179162822165008,0.251180562861394
27.84,0.181460521901936,0.254933673906619
27.85,0.183776557984002,0.25871591742378
27.86,0.186110897961208,0.262526994641547
27.87,0.188463506317678,0.266366596541658
27.88,0.190834344455859,0.270234403909716
27.89,0.19322337068154,0.274130087392008
27.9,0.195630540189186,0.278053307558335
27.91,0.198055805050671,0.282003714970878
27.92,0.200499114199926,0.285980950259071
27.93,0.202960413423243,0.289984644200486
27.94,0.20543964534814,0.294014417807707
27.95,0.20793674943357,0.29806988242118
27.96,0.210451661961029,0.302150639808015
27.97,0.212984316026582,0.306256282266695
27.98,0.215534641533799,0.310386392737679
27.99,0.218102565187631,0.314540544919842
28,0.220688010489222,0.318718303392174
28.01,0.22329089773167,0.32291922374383
28.02,0.225911143996736,0.327142852704844
28.03,0.228548663152531,0.331388728287338
28.04,0.231203365852158,0.335656379929939
28.05,0.233875159533342,0.339945328648154
28.06,0.236563948419042,0.344255087190161
28.07,0.239269633519046,0.348585160197941
28.08,0.241992112632575,0.352935044373667
28.09,0.244731280351875,0.357304228651258
28.1,0.24748702806682,0.361692194373006
28.11,0.250259243970529,0.366098415471168
28.12,0.25304781306599,0.370522358654438
28.13,0.255852617173704,0.374963483599167
28.14,0.258673534940355,0.379421243145242
28.15,0.261510441848492,0.383895083496486
28.16,0.264363210227248,0.388384444425479
28.17,0.267231709264077,0.392888759482653
28.18,0.270115805016997,0.397407456209552
28.19,0.273015360430418,0.401939956356107
28.2,0.275930235347031,0.406485676101807
28.21,0.278860286525558,0.411044026280604
28.22,0.281805367657174,0.415614412609432
28.23,0.28476532938342,0.420196235920171
28.24,0.287740019315144,0.424788892394918
28.25,0.290729282052453,0.429391773804415
28.26,0.293732959205702,0.434004267749458
28.27,0.296750889417487,0.438625757904642
28.28,0.299782908385661,0.443255624267243
28.29,0.302828848887355,0.447893243403809
28.3,0.305888540804008,0.452537988703755
28.31,0.308961811147399,0.457189230632865
28.32,0.312048484086665,0.461846336989228
28.33,0.315148380976321,0.466508673160998
28.34,0.318261320385252,0.471175602385817
28.35,0.321387118126689,0.475846486011696
28.36,0.324525587289147,0.480520683759204
28.37,0.327676538268328,0.485197553984764
28.38,0.330839778799974,0.489876453944894
28.39,0.334015113993661,0.494556740061193
28.4,0.337202346367538,0.499237768185909
28.41,0.340401275883971,0.503918893867885
28.42,0.343611699986122,0.508599472618724
28.43,0.346833413635418,0.51327886017897
28.44,0.350066209349913,0.517956412784131
28.45,0.353309877243542,0.522631487430361
28.46,0.356564205066228,0.527303442139612
28.47,0.359828978244857,0.531971636224084
28.48,0.363103979925089,0.536635430549784
28.49,0.366388991013441,0.541294187799008
28.5,0.369683790222936,0.545947272731589
28.51,0.372988154114179,0.5505940524447
28.52,0.376301857142472,0.555233896631062
28.53,0.379624671703133,0.559866177835369
28.54,0.38295636817808,0.564490271708759
28.55,0.386296714983149,0.569105557261155
28.56,0.389645478616144,0.573711417111318
28.57,0.39300242370559,0.578307237733925
28.58,0.396367313060187,0.582892409706463
28.59,0.399739907718924,0.587466327948573
28.6,0.403119967001867,0.592028391963085
28.61,0.406507248561572,0.596578006071672
28.62,0.40990150843513,0.601114579647687
28.63,0.413302501096804,0.605637527345584
28.64,0.416709979511258,0.610146269326774
28.65,0.420123695187348,0.614640231481771
28.66,0.423543398232454,0.619118845648496
28.67,0.426968837407338,0.623581549826582
28.68,0.430399760181514,0.628027788387569
28.69,0.433835912789093,0.632457012280843
28.7,0.437277040285094,0.636868679235193
28.71,0.440722886602205,0.641262253955884
28.72,0.444173194607958,0.645637208317091
28.73,0.447627706162308,0.649993021549627
28.74,0.451086162175593,0.654329180423808
28.75,0.454548302666844,0.658645179427394
28.76,0.458013866822445,0.662940520938471
28.77,0.461482593055091,0.6672147153932
28.78,0.464954219063047,0.671467281448335
28.79,0.468428481889672,0.675697746138421
28.8,0.471905117983193,0.679905645027595
28.81,0.475383863256176,0.684090522355915
28.82,0.478864453147761,0.688251931180137
28.83,0.482346622681059,0.692389433508885
28.84,0.48583010652562,0.69650260043214
28.85,0.489314639057618,0.700591012245007
28.86,0.492799954420627,0.704654258565688
28.87,0.49628578658648,0.708691938447636
28.88,0.499771869416183,0.712703660485832
28.89,0.50325793672088,0.716689042917157
28.9,0.506743722322824,0.72064771371434
28.91,0.510228960116352,0.724579310676319
28.92,0.513713384128816,0.728483481507961
28.93,0.517196728581472,0.732359883898345
28.94,0.520678727950287,0.73620818559079
28.95,0.524159117026645,0.740028064447308
28.96,0.527637630977933,0.743819208507042
28.97,0.531114005407978,0.747581316038679
28.98,0.534587976417316,0.751314095586865
28.99,0.538059280663268,0.755017266012626
29,0.541527655419805,0.758690556527811
29.01,0.544992838637169,0.762333706723592
29.02,0.548454569001236,0.765946466593039
29.03,0.551912585992603,0.7695285965478
29.04,0.555366629945358,0.773079867428941
29.05,0.558816442105537,0.776600060511962
29.06,0.562261764689218,0.780088967506065
29.07,0.565702340940258,0.783546390547692
29.08,0.569137915187628,0.786972142188421
29.09,0.572568232902338,0.790366045377247
29.1,0.575993040753932,0.793727933437341
29.11,0.579412086666518,0.797057650037333
29.12,0.582825119874332,0.800355049157195
29.13,0.5862318909768,0.803619995048805
29.14,0.589632151993084,0.806852362191264
29.15,0.593025656416096,0.810052035241052
29.16,0.596412159265414,0.813218908977102
29.17,0.59979141714225,0.816352888240889
29.18,0.603163188278684,0.819453887871623
29.19,0.606527232591321,0.82252183263663
29.2,0.609883311731855,0.825556657157045
29.21,0.613231189137453,0.828558305828885
29.22,0.616570630080493,0.831526732739633
29.23,0.619901401717594,0.834461901580426
29.24,0.623223273137973,0.837363785553951
29.25,0.626536015411055,0.840232367278175
29.26,0.629839401633377,0.843067638686009
29.27,0.633133206974719,0.845869600920546
29.28,0.63641720872349,0.848638264228818
29.29,0.639691186331317,0.851373647847231
29.3,0.642954921456854,0.854075779887941
29.31,0.646208198008769,0.856744697219533
29.32,0.649450802187923,0.859380445344792
29.33,0.652682522528695,0.861983078275258
29.34,0.655903149939478,0.864552658402676
29.35,0.659112477742293,0.867089256367487
29.36,0.662310301711549,0.869592950924473
29.37,0.665496420111902,0.872063828805691
29.38,0.668670633735227,0.874501984580821
29.39,0.671832745936677,0.876907520515058
29.4,0.674982562669829,0.879280546424685
29.41,0.6781198925209,0.881621179530439
29.42,0.681244546742024,0.883929544308822
29.43,0.68435633928359,0.886205772341471
29.44,0.687455086825618,0.888450002162717
29.45,0.690540608808176,0.890662379105478
29.46,0.693612727460831,0.892843055145586
29.47,0.696671267831116,0.894992188744714
29.48,0.699716057812019,0.897109944691991
29.49,0.702746928168482,0.899196493944465
29.5,0.7057637125629,0.901252013466517
29.51,0.708766247579628,0.903276686068366
29.52,0.711754372748476,0.905270700243774
29.53,0.714727930566673,0.907234250007098
29.54,0.717686766522405,0.909167534729776
29.55,0.720630729112246,0.911070758976398
29.56,0.723559669862576,0.912944132340465
29.57,0.726473443347524,0.914787869279959
29.58,0.729371907206357,0.916602188952828
29.59,0.732254922159865,0.918387315052516
29.6,0.735122352025702,0.920143475643641
29.61,0.737974063732715,0.921870902997929
29.62,0.740809927334244,0.923569833430512
29.63,0.743629816020396,0.925240507136704
29.64,0.746433606129302,0.926883168029351
29.65,0.749221177157338,0.928498063576849
29.66,0.751992411768347,0.930085444641956
29.67,0.754747195801826,0.931645565321461
29.68,0.757485418280107,0.933178682786394
29.69,0.760206971414523,0.934685057125436
29.7,0.762911750610572,0.936164951185255
29.71,0.765599654472073,0.937618630416245
29.72,0.768270584804324,0.939046362717531
29.73,0.770924446616267,0.940448418283784
29.74,0.77356114812167,0.941825069453521
29.75,0.776180600739315,0.943176590558955
29.76,0.778782719092226,0.944503257777497
29.77,0.781367421005912,0.945805348984946
29.78,0.783934627505661,0.947083143610463
29.79,0.786484262812872,0.948336922493386
29.8,0.789016254340442,0.949566967741945
29.81,0.791530532687217,0.950773562593942
29.82,0.794027031631511,0.951956991279455
29.83,0.796505688123704,0.953117538885624
29.84,0.798966442277932,0.954255491223555
29.85,0.801409237362869,0.955371134697418
29.86,0.803834019791627,0.956464756175761
29.87,0.806240739110764,0.957536642865096
29.88,0.80862934798843,0.958587082185808
29.89,0.810999802201649,0.959616361650396
29.9,0.813352060622753,0.960624768744117
29.91,0.815686085204984,0.961612590808046
29.92,0.818001840966764,0.962580114924579
29.93,0.820299295977621,0.963527627805429
29.94,0.822578421338459,0.964455415682111
29.95,0.824839191165829,0.965363764198972
29.96,0.827081582573057,0.966252958308748
29.97,0.82930557565109,0.967123282170708
29.98,0.831511153448585,0.967975019051363
29.99,0.833698301951264,0.968808451227776
30,0.835867010060557,0.969623859893478
30.01,0.838017269571532,0.970421525066991
30.02,0.840149075150137,0.971201725502975
30.03,0.84226242430976,0.971964738605996
30.04,0.844357317387139,0.972710840346917
30.05,0.84643375751761,0.97344030518191
30.06,0.848491750609733,0.974153405974094
30.07,0.850531305319299,0.974850413917782
30.08,0.852552433022729,0.97553159846534
30.09,0.854555147789902,0.976197227256644
30.1,0.856539466356394,0.976847566051125
30.11,0.858505408095176,0.977482878662393
30.12,0.860452994987766,0.978103426895412
30.13,0.862382251594864,0.978709470486236
30.14,0.864293205026475,0.979301267044256
30.15,0.866185884911542,0.979879071996601
30.16,0.868060323367107,0.980443138536819
30.17,0.869916554967014,0.98099371757246
30.18,0.871754616710166,0.981531057678628
30.19,0.873574547988359,0.982055405052193
30.2,0.875376390553708,0.982567003468743
30.21,0.877160188485676,0.983066094241885
30.22,0.878925988157735,0.983552916184889
30.23,0.880673838203654,0.984027705574609
30.24,0.882403789483456,0.984490696117691
30.25,0.884115895049041,0.984942118918999
30.26,0.885810210109498,0.985382202452244
30.27,0.887486791996128,0.985811172532784
30.28,0.889145700127181,0.986229252292541
30.29,0.890786995972341,0.986636662157019
30.3,0.892410743016954,0.987033619824371
30.31,0.894017006726036,0.987420340246486
30.32,0.895605854508064,0.987797035612051
30.33,0.897177355678568,0.988163915331553
30.34,0.898731581423071,0.988521186024176
30.35,0.900268604762204,0.988869051506563
30.36,0.901788500512044,0.989207712783384
30.37,0.90329134524889,0.98953736803969
30.38,0.904777217271658,0.989858212634996
30.39,0.906246196564626,0.990170439099053
30.4,0.907698364760087,0.990474237129277
30.41,0.90913380510093,0.990769793589779
30.42,0.910552602403162,0.991057292511963
30.43,0.91195484301839,0.991336915096642
30.44,0.91334061479627,0.991608839717636
30.45,0.914710007046952,0.991873241926808
30.46,0.916063110503513,0.992130294460486
30.47,0.917400017284414,0.992380167247244
30.48,0.918720820855983,0.992623027416983
30.49,0.920025615994944,0.992859039311283
30.5,0.921314498750994,0.993088364494972
30.51,0.922587566409462,0.993311161768884
30.52,0.923844917454042,0.993527587183742
30.53,0.925086651529625,0.993737794055151
30.54,0.926312869405246,0.993941932979637
30.55,0.927523672937139,0.994140151851703
30.56,0.928719165031944,0.994332595881863
30.57,0.929899449610048,0.994519407615595
30.58,0.931064631569087,0.994700726953205
30.59,0.932214816747622,0.99487669117053
30.6,0.933350111888997,0.995047434940461
30.61,0.934470624605383,0.99521309035524
30.62,0.935576463342037,0.995373786949497
30.63,0.936667737341766,0.995529651723986
30.64,0.937744556609627,0.995680809169979
30.65,0.938807031877854,0.995827381294296
30.66,0.939855274571037,0.995969487644915
30.67,0.940889396771556,0.996107245337149
30.68,0.94190951118528,0.996240769080332
30.69,0.942915731107543,0.996370171205
30.7,0.943908170389402,0.996495561690526
30.71,0.94488694340419,0.996617048193167
30.72,0.945852165014373,0.99673473607451
30.73,0.946803950538708,0.996848728430268
30.74,0.947742415719737,0.99695912611941
30.75,0.948667676691585,0.997066027793285
30.76,0.949579849948113,0.997169529926484
30.77,0.950479052311395,0.997269726845028
30.78,0.951365400900557,0.997366710757659
30.79,0.952239013100526,0.997460571785882
30.8,0.953100006533293,0.997551397994442
30.81,0.9539484990253,0.997639275421941
30.82,0.954784608579393,0.99772428811156
30.83,0.955608453345086,0.99780651814186
30.84,0.956420151589616,0.997886045657644
30.85,0.957219821669388,0.997962948900861
30.86,0.958007582001823,0.998037304241514
30.87,0.958783551037593,0.998109186208565
30.88,0.959547847233279,0.998178667520822
30.89,0.960300589024418,0.998245819117757
30.9,0.96104189479898,0.998310710190281
30.91,0.961771882871252,0.998373408211413
30.92,0.962490671456147,0.998433978966859
30.93,0.963198378643933,0.998492486585465
30.94,0.963895122375393,0.998548993569531
30.95,0.964581020417413,0.998603560824979
30.96,0.965256190338999,0.998656247691341
30.97,0.965920749487732,0.998707111971579
30.98,0.966574814966659,0.998756209961698
30.99,0.967218503611623,0.998803596480148
31,0.967851931969028,0.998849324897016
31.01,0.96847521627405,0.99889344716297
31.02,0.969088472429295,0.99893601383796
31.03,0.969691815983886,0.998977074119673
31.04,0.970285362113011,0.999016675871706
31.05,0.970869225597904,0.999054865651474
31.06,0.971443520806277,0.999091688737827
31.07,0.972008361673193,0.999127189158376
31.08,0.972563861682391,0.999161409716512
31.09,0.973110133848045,0.999194392018125
31.1,0.97364729069698,0.999226176497998
31.11,0.97417544425132,0.999256802445882
31.12,0.974694706011588,0.999286308032241
31.13,0.975205186940242,0.999314730333669
31.14,0.975706997445653,0.999342105357956
31.15,0.976200247366523,0.999368468068824
31.16,0.976685045956738,0.999393852410308
31.17,0.977161501870662,0.999418291330785
31.18,0.977629723148859,0.999441816806654
31.19,0.978089817204248,0.999464459865652
31.2,0.978541890808691,0.99948625060982
31.21,0.978986050080005,0.999507218238097
31.22,0.979422400469396,0.999527391068555
31.23,0.97985104674932,0.999546796560276
31.24,0.980272093001763,0.999565461334849
31.25,0.980685642606928,0.999583411197519
31.26,0.981091798232349,0.999600671157949
31.27,0.9814906618224,0.999617265450637
31.28,0.981882334588223,0.999633217554948
31.29,0.982266916997652,0.999648550214794
31.3,0.982644508767506,0.999663285457942
31.31,0.983015208852383,0.999677444614962
31.32,0.983379115437703,0.999691048337809
31.33,0.983736325931227,0.999704116618046
31.34,0.98408693695534,0.999716668804714
31.35,0.98443104433971,0.999728723621834
31.36,0.984768743114322,0.999740299185567
31.37,0.985100127502889,0.999751413021009
31.38,0.985425290916622,0.999762082078649
31.39,0.985744325948363,0.999772322750471
31.4,0.986057324367079,0.999782150885718
31.41,0.986364377112705,0.999791581806316
31.42,0.986665574291337,0.999800630321954
31.43,0.986961005170764,0.999809310744842
31.44,0.987250758176344,0.999817636904123
31.45,0.987534920887205,0.999825622159978
31.46,0.987813580032787,0.99983327941739
31.47,0.988086821489691,0.999840621139603
31.48,0.988354730278859,0.999847659361258
31.49,0.988617390563061,0.999854405701222
31.5,0.988874885644691,0.99986087137511
31.51,0.989127297963864,0.999867067207507
31.52,0.989374709096815,0.999873003643885
31.53,0.989617199754582,0.999878690762238
31.54,0.989854849781984,0.999884138284417
31.55,0.990087738156877,0.999889355587185
31.56,0.990315942989682,0.999894351712998
31.57,0.990539541523194,0.999899135380497
31.58,0.990758610132642,0.999903714994742
31.59,0.990973224326022,0.999908098657174
31.6,0.991183458744679,0.999912294175315
31.61,0.991389387164136,0.999916309072215
31.62,0.991591082495172,0.99992015059564
31.63,0.991788616785132,0.999923825727019
31.64,0.991982061219475,0.999927341190145
31.65,0.99217148612355,0.999930703459641
31.66,0.992356960964588,0.999933918769024
31.67,0.992538554353916,0.999936993119348
31.68,0.992716334049383,0.999939932286025
31.69,0.992890366957987,0.999942741827015
31.7,0.99306071913871,0.999945427090007
31.71,0.993227455805539,0.999947993219557
31.72,0.993390641330686,0.999950445164002
31.73,0.99355033924799,0.999952787682191
31.74,0.993706612256494,0.999955025350007
31.75,0.993859522224205,0.999957162566698
31.76,0.994009130192015,0.999959203561024
31.77,0.994155496377794,0.999961152397215
31.78,0.994298680180633,0.999963012980751
31.79,0.994438740185251,0.999964789063969
31.8,0.994575734166544,0.999966484251492
31.81,0.994709719094279,0.999968102005496
31.82,0.994840751137932,0.999969645650813
31.83,0.994968885671652,0.999971118379873
31.84,0.995094177279365,0.999972523257491
31.85,0.995216679759652,0.999973863225505
31.86,0.995336446132439,0.999975141107264
31.87,0.995453528642456,0.999976359611972
31.88,0.995567978766126,0.999977521338895
31.89,0.995679847216915,0.999978628781427
31.9,0.995789183951101,0.999979684331028
31.91,0.995896038173657,0.999980690281028
31.92,0.996000458344208,0.999981648830312
31.93,0.996102492183092,0.999982562086877
31.94,0.996202186677493,0.99998343207127
31.95,0.996299588087664,0.999984260719915
31.96,0.996394741953214,0.999985049888322
31.97,0.996487693099481,0.999985801354194
31.98,0.996578485643959,0.999986516820419
31.99,0.996667163002794,0.999987197917968
32,0.996753767897345,0.999987846208684
32.01,0.996838342360788,0.999988463187984
32.02,0.996920927744786,0.999989050287456
32.03,0.997001564726195,0.999989608877373
32.04,0.997080293313824,0.999990140269114
32.05,0.99715715285523,0.999990645717502
32.06,0.997232182043554,0.999991126423054
32.07,0.997305418924386,0.999991583534153
32.08,0.99737690090267,0.999992018149144
32.09,0.997446664749623,0.999992431318351
32.1,0.997514746609692,0.999992824046019
32.11,0.997581182007521,0.999993197292188
32.12,0.997646005854941,0.999993551974497
32.13,0.997709252457974,0.999993888969921
32.14,0.997770955523846,0.999994209116445
32.15,0.997831148168016,0.999994513214671
32.16,0.997889862921199,0.999994802029369
32.17,0.997947131736406,0.99999507629097
32.18,0.99800298599597,0.999995336696997
32.19,0.998057456518584,0.999995583913448
32.2,0.998110573566323,0.999995818576122
32.21,0.998162366851663,0.999996041291892
32.22,0.998212865544494,0.99999625263994
32.23,0.998262098279112,0.999996453172926
32.24,0.998310093161204,0.999996643418127
32.25,0.998356877774814,0.999996823878528
32.26,0.998402479189289,0.999996995033859
32.27,0.998446923966205,0.999997157341611
32.28,0.998490238166268,0.999997311237991
32.29,0.998532447356194,0.999997457138854
32.3,0.998573576615557,0.999997595440589
32.31,0.998613650543614,0.999997726520975
32.32,0.998652693266088,0.999997850739998
32.33,0.998690728441935,0.999997968440636
32.34,0.998727779270062,0.999998079949617
32.35,0.998763868496017,0.999998185578135
32.36,0.998799018418639,0.999998285622548
32.37,0.998833250896669,0.999998380365042
32.38,0.998866587355323,0.999998470074266
32.39,0.99889904879282,0.999998555005944
32.4,0.998930655786865,0.999998635403458
32.41,0.998961428501098,0.999998711498412
32.42,0.998991386691482,0.999998783511165
32.43,0.999020549712658,0.999998851651346
32.44,0.999048936524241,0.999998916118347
32.45,0.999076565697076,0.999998977101795
32.46,0.999103455419435,0.999999034782
32.47,0.999129623503174,0.999999089330391
32.48,0.999155087389823,0.999999140909923
32.49,0.99917986415664,0.999999189675479
32.5,0.999203970522594,0.999999235774242
32.51,0.999227422854311,0.999999279346062
32.52,0.999250237171946,0.999999320523794
32.53,0.999272429154741,0.999999359433638
32.54,0.999294014147887,0.999999396195447
32.55,0.999315007166598,0.99999943092303
32.56,0.999335422902853,0.999999463724445
32.57,0.99935527573072,0.99999949470227
32.58,0.99937457971189,0.999999523953867
32.59,0.999393348601157,0.999999551571634
32.6,0.999411595851834,0.999999577643245
32.61,0.999429334621112,0.999999602251879
32.62,0.999446577775352,0.999999625476436
32.63,0.999463337895326,0.999999647391751
32.64,0.999479627281389,0.999999668068788
32.65,0.999495457958593,0.999999687574834
32.66,0.999510841681739,0.999999705973675
32.67,0.999525789940369,0.999999723325775
32.68,0.999540313963695,0.999999739688435
32.69,0.99955442472546,0.999999755115956
32.7,0.999568132948754,0.999999769659783
32.71,0.999581449110747,0.999999783368649
32.72,0.999594383447376,0.999999796288715
32.73,0.999606945957963,0.999999808463695
32.74,0.999619146409771,0.99999981993498
32.75,0.999630994342502,0.999999830741759
32.76,0.999642499072731,0.999999840921125
32.77,0.999653669698275,0.999999850508188
32.78,0.999664515102509,0.999999859536171
32.79,0.999675043958613,0.999999868036508
32.8,0.999685264733759,0.99999987603894
32.81,0.999695185693245,0.999999883571596
32.82,0.999704814904556,0.999999890661079
32.83,0.999714160241372,0.999999897332546
32.84,0.999723229387521,0.999999903609782
32.85,0.999732029840858,0.999999909515272
32.86,0.999740568917098,0.999999915070267
32.87,0.999748853753583,0.999999920294852
32.88,0.999756891312991,0.999999925208004
32.89,0.999764688386991,0.999999929827653
32.9,0.999772251599832,0.999999934170736
32.91,0.999779587411881,0.999999938253248
32.92,0.999786702123102,0.999999942090296
32.93,0.999793601876477,0.999999945696143
32.94,0.999800292661372,0.999999949084255
32.95,0.999806780316845,0.999999952267342
32.96,0.999813070534905,0.9999999552574
32.97,0.999819168863702,0.999999958065748
32.98,0.999825080710681,0.999999960703067
32.99,0.999830811345668,0.999999963179433
33,0.999836365903906,0.999999965504349
33.01,0.999841749389043,0.999999967686777
33.02,0.999846966676058,0.999999969735169
33.03,0.999852022514146,0.999999971657492
33.04,0.999856921529543,0.999999973461258
33.05,0.999861668228304,0.999999975153546
33.06,0.999866266999031,0.999999976741027
33.07,0.999870722115545,0.999999978229989
33.08,0.999875037739522,0.999999979626352
33.09,0.999879217923064,0.999999980935697
33.1,0.999883266611236,0.999999982163276
33.11,0.999887187644544,0.999999983314039
33.12,0.999890984761375,0.999999984392643
33.13,0.999894661600387,0.999999985403475
33.14,0.99989822170285,0.999999986350663
33.15,0.999901668514947,0.999999987238092
33.16,0.999905005390029,0.999999988069417
33.17,0.999908235590822,0.99999998884808
33.18,0.999911362291594,0.999999989577316
33.19,0.999914388580282,0.999999990260168
33.2,0.999917317460567,0.999999990899499
33.21,0.99992015185392,0.999999991498
33.22,0.999922894601595,0.999999992058203
33.23,0.999925548466587,0.999999992582485
33.24,0.999928116135553,0.999999993073083
33.25,0.999930600220688,0.999999993532097
33.26,0.999933003261561,0.999999993961503
33.27,0.999935327726921,0.999999994363154
33.28,0.999937576016458,0.999999994738793
33.29,0.999939750462528,0.999999995090057
33.3,0.999941853331844,0.999999995418482
33.31,0.999943886827129,0.99999999572551
33.32,0.999945853088735,0.999999996012497
33.33,0.999947754196222,0.999999996280713
33.34,0.999949592169915,0.999999996531352
33.35,0.999951368972411,0.999999996765534
33.36,0.999953086510065,0.999999996984309
33.37,0.999954746634442,0.999999997188663
33.38,0.999956351143727,0.99999999737952
33.39,0.999957901784117,0.999999997557748
33.4,0.999959400251177,0.999999997724158
33.41,0.999960848191156,0.999999997879513
33.42,0.999962247202292,0.999999998024528
33.43,0.999963598836069,0.999999998159872
33.44,0.999964904598457,0.999999998286173
33.45,0.999966165951119,0.999999998404019
33.46,0.999967384312592,0.999999998513961
33.47,0.999968561059439,0.999999998616515
33.48,0.999969697527194,0.999999998712163
33.49,0.999970795012179,0.99999999880136
33.5,0.999971854771508,0.999999998884529
33.51,0.999972878024844,0.999999998962065
33.52,0.999973865955247,0.999999999034342
33.53,0.999974819710175,0.999999999101706
33.54,0.999975740402454,0.999999999164483
33.55,0.999976629111235,0.999999999222977
33.56,0.999977486882919,0.999999999277473
33.57,0.999978314732066,0.999999999328236
33.58,0.999979113642277,0.999999999375517
33.59,0.999979884567056,0.999999999419548
33.6,0.999980628430653,0.999999999460547
33.61,0.999981346128885,0.999999999498717
33.62,0.999982038529932,0.999999999534249
33.63,0.999982706475121,0.999999999567321
33.64,0.999983350779685,0.999999999598098
33.65,0.999983972233506,0.999999999626735
33.66,0.999984571601833,0.999999999653379
33.67,0.999985149625992,0.999999999678164
33.68,0.999985707024071,0.999999999701217
33.69,0.999986244491585,0.999999999722656
33.7,0.999986762702133,0.999999999742591
33.71,0.999987262308029,0.999999999761126
33.72,0.999987743940922,0.999999999778355
33.73,0.9999882082124,0.99999999979437
33.74,0.999988655714573,0.999999999809253
33.75,0.999989087020647,0.999999999823082
33.76,0.999989502685479,0.999999999835931
33.77,0.999989903246118,0.999999999847867
33.78,0.999990289222336,0.999999999858954
33.79,0.999990661117134,0.99999999986925
33.8,0.99999101941725,0.999999999878811
33.81,0.999991364593636,0.999999999887688
33.82,0.99999169710194,0.999999999895929
33.83,0.999992017382958,0.999999999903578
33.84,0.999992325863088,0.999999999910677
33.85,0.99999262295476,0.999999999917264
33.86,0.999992909056865,0.999999999923376
33.87,0.999993184555163,0.999999999929046
33.88,0.999993449822683,0.999999999934305
33.89,0.999993705220117,0.999999999939182
33.9,0.999993951096194,0.999999999943705
33.91,0.99999418778805,0.999999999947899
33.92,0.999994415621587,0.999999999951787
33.93,0.999994634911818,0.99999999995539
33.94,0.999994845963208,0.99999999995873
33.95,0.999995049069999,0.999999999961825
33.96,0.999995244516534,0.999999999964692
33.97,0.99999543257756,0.999999999967349
33.98,0.999995613518537,0.99999999996981
33.99,0.999995787595926,0.999999999972089
34,0.999995955057473,0.999999999974199
34.01,0.999996116142486,0.999999999976153
34.02,0.999996271082103,0.999999999977962
34.03,0.999996420099552,0.999999999979637
34.04,0.999996563410405,0.999999999981187
34.05,0.999996701222819,0.999999999982621
34.06,0.999996833737779,0.999999999983948
34.07,0.999996961149325,0.999999999985176
34.08,0.99999708364478,0.999999999986311
34.09,0.999997201404964,0.999999999987362
34.1,0.999997314604405,0.999999999988333
34.11,0.999997423411547,0.999999999989231
34.12,0.999997527988946,0.999999999990062
34.13,0.999997628493465,0.999999999990829
34.14,0.999997725076456,0.999999999991538
34.15,0.999997817883946,0.999999999992194
34.16,0.999997907056812,0.9999999999928
34.17,0.999997992730949,0.999999999993359
34.18,0.999998075037437,0.999999999993876
34.19,0.9999981541027,0.999999999994354
34.2,0.999998230048663,0.999999999994795
34.21,0.999998302992899,0.999999999995202
34.22,0.99999837304878,0.999999999995578
34.23,0.999998440325611,0.999999999995925
34.24,0.999998504928776,0.999999999996245
34.25,0.99999856695986,0.999999999996541
34.26,0.999998626516787,0.999999999996813
34.27,0.999998683693939,0.999999999997065
34.28,0.999998738582277,0.999999999997297
34.29,0.999998791269459,0.999999999997511
34.3,0.999998841839951,0.999999999997709
34.31,0.999998890375141,0.999999999997891
34.32,0.999998936953439,0.999999999998059
34.33,0.999998981650382,0.999999999998213
34.34,0.999999024538734,0.999999999998356
34.35,0.999999065688582,0.999999999998488
34.36,0.999999105167427,0.999999999998609
34.37,0.999999143040276,0.99999999999872
34.38,0.999999179369729,0.999999999998823
34.39,0.999999214216062,0.999999999998918
34.4,0.999999247637307,0.999999999999005
34.41,0.999999279689335,0.999999999999085
34.42,0.999999310425929,0.999999999999159
34.43,0.999999339898858,0.999999999999227
34.44,0.999999368157951,0.99999999999929
34.45,0.999999395251161,0.999999999999348
34.46,0.999999421224636,0.999999999999401
34.47,0.999999446122781,0.999999999999449
34.48,0.999999469988322,0.999999999999494
34.49,0.999999492862363,0.999999999999536
34.5,0.999999514784448,0.999999999999574
34.51,0.999999535792616,0.999999999999609
34.52,0.999999555923453,0.999999999999641
34.53,0.999999575212148,0.99999999999967
34.54,0.999999593692542,0.999999999999697
34.55,0.999999611397175,0.999999999999722
34.56,0.999999628357336,0.999999999999745
34.57,0.99999964460311,0.999999999999766
34.58,0.999999660163417,0.999999999999786
34.59,0.99999967506606,0.999999999999803
34.6,0.999999689337761,0.99999999999982
34.61,0.999999703004207,0.999999999999835
34.62,0.999999716090082,0.999999999999849
34.63,0.999999728619108,0.999999999999861
34.64,0.999999740614079,0.999999999999873
34.65,0.999999752096896,0.999999999999883
34.66,0.999999763088602,0.999999999999893
34.67,0.999999773609408,0.999999999999902
34.68,0.999999783678734,0.99999999999991
34.69,0.999999793315229,0.999999999999918
34.7,0.999999802536805,0.999999999999925
34.71,0.999999811360664,0.999999999999931
34.72,0.999999819803325,0.999999999999937
34.73,0.99999982788065,0.999999999999942
34.74,0.999999835607865,0.999999999999947
34.75,0.999999842999593,0.999999999999952
34.76,0.999999850069865,0.999999999999956
34.77,0.999999856832156,0.99999999999996
34.78,0.999999863299393,0.999999999999963
34.79,0.999999869483986,0.999999999999966
34.8,0.999999875397845,0.999999999999969
34.81,0.999999881052394,0.999999999999972
34.82,0.999999886458598,0.999999999999974
34.83,0.999999891626977,0.999999999999976
34.84,0.999999896567621,0.999999999999978
34.85,0.99999990129021,0.99999999999998
34.86,0.999999905804029,0.999999999999982
34.87,0.999999910117983,0.999999999999984
34.88,0.999999914240612,0.999999999999985
34.89,0.999999918180105,0.999999999999986
34.9,0.999999921944315,0.999999999999987
34.91,0.999999925540771,0.999999999999988
34.92,0.99999992897669,0.99999999999999
34.93,0.999999932258992,0.99999999999999
34.94,0.999999935394311,0.999999999999991
34.95,0.999999938389001,0.999999999999992
34.96,0.999999941249158,0.999999999999993
34.97,0.999999943980619,0.999999999999993
34.98,0.999999946588979,0.999999999999994
34.99,0.999999949079599,0.999999999999994
35,0.999999951457615,0.999999999999995
35.01,0.999999953727948,0.999999999999995
35.02,0.999999955895311,0.999999999999996
35.03,0.999999957964219,0.999999999999996
35.04,0.999999959938996,0.999999999999996
35.05,0.999999961823783,0.999999999999997
35.06,0.999999963622546,0.999999999999997
35.07,0.999999965339083,0.999999999999997
35.08,0.999999966977029,0.999999999999998
35.09,0.999999968539864,0.999999999999998
35.1,0.999999970030923,0.999999999999998
35.11,0.999999971453393,0.999999999999998
35.12,0.999999972810329,0.999999999999998
35.13,0.999999974104653,0.999999999999998
35.14,0.99999997533916,0.999999999999999
35.15,0.999999976516527,0.999999999999999
35.16,0.999999977639315,0.999999999999999
35.17,0.999999978709973,0.999999999999999
35.18,0.999999979730844,0.999999999999999
35.19,0.999999980704172,0.999999999999999
35.2,0.999999981632099,0.999999999999999
35.21,0.999999982516679,0.999999999999999
35.22,0.999999983359872,0.999999999999999
35.23,0.999999984163554,0.999999999999999
35.24,0.99999998492952,0.999999999999999
35.25,0.999999985659484,1
35.26,0.999999986355087,1
35.27,0.999999987017896,1
35.28,0.99999998764941,1
35.29,0.999999988251062,1
35.3,0.999999988824219,1
35.31,0.999999989370192,1
35.32,0.999999989890231,1
35.33,0.999999990385529,1
35.34,0.999999990857229,1
35.35,0.999999991306421,1
35.36,0.999999991734148,1
35.37,0.999999992141404,1
35.38,0.999999992529139,1
35.39,0.999999992898263,1
35.4,0.999999993249642,1
35.41,0.999999993584104,1
35.42,0.99999999390244,1
35.43,0.999999994205404,1
35.44,0.999999994493717,1
35.45,0.999999994768066,1
35.46,0.99999999502911,1
35.47,0.999999995277474,1
35.48,0.999999995513756,1
35.49,0.999999995738528,1
35.5,0.999999995952333,1
35.51,0.999999996155693,1
35.52,0.999999996349102,1
35.53,0.999999996533034,1
35.54,0.99999999670794,1
35.55,0.999999996874251,1
35.56,0.999999997032376,1
35.57,0.999999997182708,1
35.58,0.999999997325621,1
35.59,0.999999997461469,1
35.6,0.999999997590592,1
35.61,0.999999997713315,1
35.62,0.999999997829946,1
35.63,0.999999997940778,1
35.64,0.999999998046093,1
35.65,0.999999998146157,1
35.66,0.999999998241225,1
35.67,0.99999999833154,1
35.68,0.999999998417333,1
35.69,0.999999998498824,1
35.7,0.999999998576223,1
35.71,0.99999999864973,1
35.72,0.999999998719536,1
35.73,0.999999998785822,1
35.74,0.99999999884876,1
35.75,0.999999998908516,1
35.76,0.999999998965246,1
35.77,0.999999999019099,1
35.78,0.999999999070218,1
35.79,0.999999999118736,1
35.8,0.999999999164784,1
35.81,0.999999999208484,1
35.82,0.999999999249952,1
35.83,0.9999999992893,1
35.84,0.999999999326633,1
35.85,0.999999999362051,1
35.86,0.999999999395651,1
35.87,0.999999999427523,1
35.88,0.999999999457753,1
35.89,0.999999999486425,1
35.9,0.999999999513617,1
35.91,0.999999999539402,1
35.92,0.999999999563852,1
35.93,0.999999999587035,1
35.94,0.999999999609014,1
35.95,0.99999999962985,1
35.96,0.999999999649602,1
35.97,0.999999999668324,1
35.98,0.999999999686068,1
35.99,0.999999999702885,1
36,0.999999999718822,1
36.01,0.999999999733923,1
36.02,0.999999999748232,1
36.03,0.999999999761789,1
36.04,0.999999999774632,1
36.05,0.999999999786798,1
36.06,0.999999999798323,1
36.07,0.999999999809238,1
36.08,0.999999999819576,1
36.09,0.999999999829366,1
36.1,0.999999999838637,1
36.11,0.999999999847415,1
36.12,0.999999999855726,1
36.13,0.999999999863594,1
36.14,0.999999999871043,1
36.15,0.999999999878094,1
36.16,0.999999999884768,1
36.17,0.999999999891084,1
36.18,0.999999999897062,1
36.19,0.999999999902719,1
36.2,0.999999999908072,1
36.21,0.999999999913136,1
36.22,0.999999999917928,1
36.23,0.999999999922461,1
36.24,0.999999999926749,1
36.25,0.999999999930804,1
36.26,0.999999999934641,1
36.27,0.999999999938268,1
36.28,0.999999999941699,1
36.29,0.999999999944943,1
36.3,0.999999999948011,1
36.31,0.999999999950911,1
36.32,0.999999999953653,1
36.33,0.999999999956245,1
36.34,0.999999999958695,1
36.35,0.99999999996101,1
36.36,0.999999999963199,1
36.37,0.999999999965267,1
36.38,0.999999999967221,1
36.39,0.999999999969068,1
36.4,0.999999999970813,1
36.41,0.999999999972461,1
36.42,0.999999999974018,1
36.43,0.999999999975489,1
36.44,0.999999999976879,1
36.45,0.999999999978191,1
36.46,0.99999999997943,1
36.47,0.9999999999806,1
36.48,0.999999999981705,1
36.49,0.999999999982749,1
36.5,0.999999999983734,1
36.51,0.999999999984664,1
36.52,0.999999999985541,1
36.53,0.99999999998637,1
36.54,0.999999999987152,1
36.55,0.99999999998789,1
36.56,0.999999999988586,1
36.57,0.999999999989244,1
36.58,0.999999999989864,1
36.59,0.999999999990449,1
36.6,0.999999999991001,1
36.61,0.999999999991521,1
36.62,0.999999999992013,1
36.63,0.999999999992476,1
36.64,0.999999999992913,1
36.65,0.999999999993325,1
36.66,0.999999999993713,1
36.67,0.99999999999408,1
36.68,0.999999999994425,1
36.69,0.999999999994751,1
36.7,0.999999999995058,1
36.71,0.999999999995347,1
36.72,0.99999999999562,1
36.73,0.999999999995877,1
36.74,0.999999999996119,1
36.75,0.999999999996347,1
36.76,0.999999999996563,1
36.77,0.999999999996765,1
36.78,0.999999999996956,1
36.79,0.999999999997136,1
36.8,0.999999999997305,1
36.81,0.999999999997465,1
36.82,0.999999999997615,1
36.83,0.999999999997757,1
36.84,0.99999999999789,1
36.85,0.999999999998016,1
36.86,0.999999999998134,1
36.87,0.999999999998246,1
36.88,0.99999999999835,1
36.89,0.999999999998449,1
36.9,0.999999999998542,1
36.91,0.999999999998629,1
36.92,0.999999999998711,1
36.93,0.999999999998789,1
36.94,0.999999999998862,1
36.95,0.99999999999893,1
36.96,0.999999999998995,1
36.97,0.999999999999055,1
36.98,0.999999999999112,1
36.99,0.999999999999166,1
37,0.999999999999217,1
